{
  "id": "wazuh",
  "version": "4.5.2-02",
  "kibanaVersion": "7.17.12",
  "configPath": [
    "wazuh"
  ],
  "requiredPlugins": [
    "navigation",
    "data",
    "discover",
    "inspector",
    "visualizations",
    "kibanaLegacy",
    "uiActions",
    "charts",
    "savedObjects",
    "kibanaReact",
    "kibanaUtils"
  ],
  "optionalPlugins": [
    "security",
    "opendistroSecurityKibana",
    "searchguard",
    "spaces",
    "telemetry"
  ],
  "server": true,
  "ui": true,
  "owner": {
    "name": "Wazuh, Inc"
  }
}